{
  "propertyCollection": [
    {
      "id": "01",
      "property": "Westgate Park",
      "eircode": "Y73T9I0",
      "readings": [
        {
          "id": "03",
          "appliance": "Playstation 5",
          "usage": 200,
          "duration": 60,
          "rate": 46.23
        },
        {
          "id": "04",
          "appliance": "Smart Light",
          "usage": 8,
          "duration": 30,
          "rate": 46.23
        }
      ]
    },
    {
      "id": "02",
      "property": "Main Street",
      "eircode": "Y63T5R4",
      "readings": [
        {
          "id": "05",
          "appliance": "Smart TV",
          "usage": 265,
          "duration": 120,
          "rate": 46.23
        },
        {
          "id": "06",
          "appliance": "Smart Light",
          "usage": 8,
          "duration": 120,
          "rate": 46.23
        }
      ]
    }
  ],
  "propertyList": [
    {
      "id": "dddce2b0-80b5-11ed-9453-5de639232d1b",
      "userid": "3ad52697-6d98-4d80-8273-084de55a86c0",
      "address": "Springfield",
      "readings": [
        {
          "id": "504afe20-8167-11ed-852e-614d763de7dc",
          "appliance": "ps5",
          "usage": "200",
          "duration": 30,
          "rate": "0.4327",
          "cost": 0.04327
        },
        {
          "id": "e4cab1a0-814c-11ed-93f2-0b467f36be8e",
          "appliance": "Incandescent Bulb",
          "usage": "60",
          "duration": 30,
          "rate": "0.4327",
          "cost": 0.012981
        },
        {
          "id": "ad44ac90-814c-11ed-93f2-0b467f36be8e",
          "appliance": "LED Lightbulb",
          "usage": "8",
          "duration": 30,
          "rate": "0.4327",
          "cost": 0.0017308
        },
        {
          "id": "942cfce0-814b-11ed-bce0-253ca5297fd0",
          "appliance": "Fridge",
          "usage": "225",
          "duration": 1440,
          "rate": "0.4327",
          "cost": 2.33658
        },
        {
          "id": "e70bb2e0-814a-11ed-bce0-253ca5297fd0",
          "appliance": "ps5",
          "usage": "200",
          "duration": 60,
          "rate": "0.4327",
          "cost": 0.08654
        }
      ]
    }
  ]
}