{
  "users": [
    {
      "firstName": "homer",
      "lastName": "simpson",
      "email": "homer@simpson.com",
      "password": "secret",
      "id": "3ad52697-6d98-4d80-8273-084de55a86c0"
    },
    {
      "firstName": "marge",
      "lastName": "simpson",
      "email": "marge@simpson.com",
      "password": "secret",
      "id": "2b6f0989-7b7f-4a38-ad26-aa06b922d751"
    },
    {
      "firstName": "Paul",
      "lastName": "Maloney",
      "email": "PaulMal21@hotmail.com",
      "password": "q",
      "id": "2332c290-3213-11ed-be3d-1f46bfce3794"
    },
    {
      "firstName": "Odyn",
      "lastName": "Dog",
      "email": "Dog@hotmail.ie",
      "password": "dog",
      "id": "8529abd0-80b5-11ed-9453-5de639232d1b"
    }
  ]
}